Workbook

Sheet Daily Returns
A1: Date | B1: 9CI.SI | C1: C6L.SI | D1: D05.SI | E1: S63.SI | F1: Z74.SI
A2: 45294 | B2: -0.016025609 | C2: -0.018348628 | D2: -0.010817334 | E2: -0.01799486 | F2: -0.0081632282
A3: 45295 | B3: -0.022801325 | C3: -0.0093457541 | D3: -0.0054678508 | E3: -0.0052355546 | F3: -0.02057609
A4: 45296 | B4: 0 | C4: 0.0047168326 | D4: 0.0048870911 | E4: -0.0052631774 | F4: -0.012605145
A5: 45299 | B5: 0.0033333615 | C5: 0 | D5: -0.0015198486 | E5: 0.013227495 | F5: 0.0085105999
A6: 45300 | B6: 0.013288975 | C6: 0.0062598961 | D6: 0.00060899783 | E6: -0.0026109758 | F6: 0.0084388887
A7: 45301 | B7: -0.013114694 | C7: 0.017107306 | D7: -0.010952335 | E7: 0.0026178109 | F7: -0.0041840279
A8: 45302 | B8: 0.0066444006 | C8: 0.0045870947 | D8: 0.0064595974 | E8: 0.010443769 | F8: 0
A9: 45303 | B9: -0.0099009021 | C9: -0.0076103039 | D9: -0.0033619423 | E9: 0.0025840555 | F9: 0.012605038
A10: 45306 | B10: 0 | C10: 0.0015338328 | D10: 0.0021465467 | E10: -0.0025773954 | F10: 0.0082987169
A11: 45307 | B11: 0.0099999103 | C11: 0 | D11: -0.010403847 | E11: -0.0025840555 | F11: -0.0041152601
A12: 45308 | B12: -0.023102249 | C12: -0.010719805 | D12: -0.015769951 | E12: -0.0077718519 | F12: -0.0082644252
A13: 45309 | B13: 0.003378407 | C13: -0.0061919796 | D13: 0.0025132904 | E13: -0.013054812 | F13: -0.0041667009
... A627: 46203 | B627: -0.0079681199 | C627: 0.0026109636 | D627: -0.0095410763 | E627: 0.00096341318 | F627: -0.0067568039

Sheet Metrics
A3: Ticker | B3: Company | C3: Annual Return | D3: Annual Volatility | E3: Sharpe Ratio
A4: 9CI.SI | B4: CapitaLand Investment | C4: =AVERAGE('Daily Returns'!B2:B627)*252 -> -0.032693457 | D4: =STDEV('Daily Returns'!B2:B627)*SQRT(252) -> 0.20506687 | E4: =C4/D4 -> -0.15942827
A5: C6L.SI | B5: Singapore Airlines | C5: =AVERAGE('Daily Returns'!C2:C627)*252 -> 0.13049582 | D5: =STDEV('Daily Returns'!C2:C627)*SQRT(252) -> 0.16433498 | E5: =C5/D5 -> 0.79408423
A6: D05.SI | B6: DBS Group | C6: =AVERAGE('Daily Returns'!D2:D627)*252 -> 0.3850892 | D6: =STDEV('Daily Returns'!D2:D627)*SQRT(252) -> 0.17768693 | E6: =C6/D6 -> 2.1672343
A7: S63.SI | B7: ST Engineering | C7: =AVERAGE('Daily Returns'!E2:E627)*252 -> 0.45446961 | D7: =STDEV('Daily Returns'!E2:E627)*SQRT(252) -> 0.24248571 | E7: =C7/D7 -> 1.8742119
A8: Z74.SI | B8: Singtel | C8: =AVERAGE('Daily Returns'!F2:F627)*252 -> 0.28582694 | D8: =STDEV('Daily Returns'!F2:F627)*SQRT(252) -> 0.20387834 | E8: =C8/D8 -> 1.4019485
A11: Covariance Matrix
B12: 9CI.SI | C12: C6L.SI | D12: D05.SI | E12: S63.SI | F12: Z74.SI
A13: 9CI.SI | B13: {=SUMPRODUCT(('Daily Returns'!$B$2:$B$627-AVERAGE('Daily Returns'!$B$2:$B$627)),('Daily Returns'!$B$2:$B$627-AVERAGE('Daily Returns'!$B$2:$B$627)))/(COUNT('Daily Returns'!$B$2:$B$627)-1)} -> 0.00016687469 | C13: {=SUMPRODUCT(('Daily Returns'!$B$2:$B$627-AVERAGE('Daily Returns'!$B$2:$B$627)),('Daily Returns'!$C$2:$C$627-AVERAGE('Daily Returns'!$C$2:$C$627)))/(COUNT('Daily Returns'!$B$2:$B$627)-1)} -> 4.6103386e-05 | D13: {=SUMPRODUCT(('Daily Returns'!$B$2:$B$627-AVERAGE('Daily Returns'!$B$2:$B$627)),('Daily Returns'!$D$2:$D$627-AVERAGE('Daily Returns'!$D$2:$D$627)))/(COUNT('Daily Returns'!$B$2:$B$627)-1)} -> 4.2177156e-05 | E13: {=SUMPRODUCT(('Daily Returns'!$B$2:$B$627-AVERAGE('Daily Returns'!$B$2:$B$627)),('Daily Returns'!$E$2:$E$627-AVERAGE('Daily Returns'!$E$2:$E$627)))/(COUNT('Daily Returns'!$B$2:$B$627)-1)} -> 5.4248504e-05 | F13: {=SUMPRODUCT(('Daily Returns'!$B$2:$B$627-AVERAGE('Daily Returns'!$B$2:$B$627)),('Daily Returns'!$F$2:$F$627-AVERAGE('Daily Returns'!$F$2:$F$627)))/(COUNT('Daily Returns'!$B$2:$B$627)-1)} -> 4.3182568e-05
A14: C6L.SI | B14: =C13 -> 4.6103386e-05 | C14: {=SUMPRODUCT(('Daily Returns'!$C$2:$C$627-AVERAGE('Daily Returns'!$C$2:$C$627)),('Daily Returns'!$C$2:$C$627-AVERAGE('Daily Returns'!$C$2:$C$627)))/(COUNT('Daily Returns'!$C$2:$C$627)-1)} -> 0.00010716662 | D14: {=SUMPRODUCT(('Daily Returns'!$C$2:$C$627-AVERAGE('Daily Returns'!$C$2:$C$627)),('Daily Returns'!$D$2:$D$627-AVERAGE('Daily Returns'!$D$2:$D$627)))/(COUNT('Daily Returns'!$C$2:$C$627)-1)} -> 4.6401375e-05 | E14: {=SUMPRODUCT(('Daily Returns'!$C$2:$C$627-AVERAGE('Daily Returns'!$C$2:$C$627)),('Daily Returns'!$E$2:$E$627-AVERAGE('Daily Returns'!$E$2:$E$627)))/(COUNT('Daily Returns'!$C$2:$C$627)-1)} -> 3.9810029e-05 | F14: {=SUMPRODUCT(('Daily Returns'!$C$2:$C$627-AVERAGE('Daily Returns'!$C$2:$C$627)),('Daily Returns'!$F$2:$F$627-AVERAGE('Daily Returns'!$F$2:$F$627)))/(COUNT('Daily Returns'!$C$2:$C$627)-1)} -> 3.4063567e-05
A15: D05.SI | B15: =D13 -> 4.2177156e-05 | C15: =D14 -> 4.6401375e-05 | D15: {=SUMPRODUCT(('Daily Returns'!$D$2:$D$627-AVERAGE('Daily Returns'!$D$2:$D$627)),('Daily Returns'!$D$2:$D$627-AVERAGE('Daily Returns'!$D$2:$D$627)))/(COUNT('Daily Returns'!$D$2:$D$627)-1)} -> 0.00012528827 | E15: {=SUMPRODUCT(('Daily Returns'!$D$2:$D$627-AVERAGE('Daily Returns'!$D$2:$D$627)),('Daily Returns'!$E$2:$E$627-AVERAGE('Daily Returns'!$E$2:$E$627)))/(COUNT('Daily Returns'!$D$2:$D$627)-1)} -> 4.6275651e-05 | F15: {=SUMPRODUCT(('Daily Returns'!$D$2:$D$627-AVERAGE('Daily Returns'!$D$2:$D$627)),('Daily Returns'!$F$2:$F$627-AVERAGE('Daily Returns'!$F$2:$F$627)))/(COUNT('Daily Returns'!$D$2:$D$627)-1)} -> 3.8200956e-05
A16: S63.SI | B16: =E13 -> 5.4248504e-05 | C16: =E14 -> 3.9810029e-05 | D16: =E15 -> 4.6275651e-05 | E16: {=SUMPRODUCT(('Daily Returns'!$E$2:$E$627-AVERAGE('Daily Returns'!$E$2:$E$627)),('Daily Returns'!$E$2:$E$627-AVERAGE('Daily Returns'!$E$2:$E$627)))/(COUNT('Daily Returns'!$E$2:$E$627)-1)} -> 0.00023333063 | F16: {=SUMPRODUCT(('Daily Returns'!$E$2:$E$627-AVERAGE('Daily Returns'!$E$2:$E$627)),('Daily Returns'!$F$2:$F$627-AVERAGE('Daily Returns'!$F$2:$F$627)))/(COUNT('Daily Returns'!$E$2:$E$627)-1)} -> 5.6748489e-05
A17: Z74.SI | B17: =F13 -> 4.3182568e-05 | C17: =F14 -> 3.4063567e-05 | D17: =F15 -> 3.8200956e-05 | E17: =F16 -> 5.6748489e-05 | F17: {=SUMPRODUCT(('Daily Returns'!$F$2:$F$627-AVERAGE('Daily Returns'!$F$2:$F$627)),('Daily Returns'!$F$2:$F$627-AVERAGE('Daily Returns'!$F$2:$F$627)))/(COUNT('Daily Returns'!$F$2:$F$627)-1)} -> 0.00016494595

Sheet Optimizer
A1: Optimized
A2: Ticker | B2: Weight
A3: 9CI.SI | B3: 0
A4: C6L.SI | B4: 0
A5: D05.SI | B5: 0.6
A6: S63.SI | B6: 0.2
A7: Z74.SI | B7: 0.2
A8: Total Weight: | C8: =SUM(B3:B7) -> 1
A10: Total Annual Return: | C10: =SUMPRODUCT(B3:B7,Metrics!C4:C8) -> 0.37911283
A11: Total Annual Volatility: | C11: =SQRT(252*SUMPRODUCT(B3:B7,MMULT(Metrics!B13:F17,B3:B7))) -> 0.14708492
A12: Sharpe Ratio: | C12: =C10/C11 -> 2.5775098
A15: Final weights: DBS 60%, ST Engineering 20%, Singtel 20%.

Sheet Equal Weight
A1: Equal weight
A3: Ticker | B3: Weight
A4: 9CI.SI | B4: 0.2
A5: C6L.SI | B5: 0.2
A6: D05.SI | B6: 0.2
A7: S63.SI | B7: 0.2
A8: Z74.SI | B8: 0.2
A9: Total Weight: | C9: =SUM(B4:B8) -> 1
A11: Total Annual Return: | C11: =SUMPRODUCT(B4:B8,Metrics!C4:C8) -> 0.24463762
A12: Total Annual Volatility: | C12: =SQRT(252*SUMPRODUCT(B4:B8,MMULT(Metrics!B13:F17,B4:B8))) -> 0.13059731
A13: Sharpe Ratio: | C13: =C11/C12 -> 1.873221
